{
  "InnoDB_times": {
    "100 Entradas": {
      "4 Clientes concurrentes": 0.00925,
      "8 Clientes concurrentes": 0.0125
    },
    "200 Entradas": {
      "4 Clientes concurrentes": 0.0085,
      "8 Clientes concurrentes": 0.00975
    },
    "500 Entradas": {
      "4 Clientes concurrentes": 0.0085,
      "8 Clientes concurrentes": 0.01225
    },
    "600 Entradas": {
      "4 Clientes concurrentes": 0.0075,
      "8 Clientes concurrentes": 0.018875
    }
  },
  "MyISAM_times": {
    "100 Entradas": {
      "4 Clientes concurrentes": 0.006749999999999999,
      "8 Clientes concurrentes": 0.009875
    },
    "200 Entradas": {
      "4 Clientes concurrentes": 0.006999999999999999,
      "8 Clientes concurrentes": 0.0115
    },
    "500 Entradas": {
      "4 Clientes concurrentes": 0.009250000000000001,
      "8 Clientes concurrentes": 0.011500000000000002
    },
    "600 Entradas": {
      "4 Clientes concurrentes": 0.00825,
      "8 Clientes concurrentes": 0.011875
    }
  }
}
